run_time,.github/workflows/comment-deployment-plan-pr.yaml,.github/workflows/validate-clusters.yaml,.github/workflows/deploy-hubs.yaml,.github/workflows/run-reports.yaml,.github/workflows/comment-pending-deployment-info.yaml,.github/workflows/doc-links.yml,.github/workflows/terraform-lint.yaml,.github/workflows/comment-test-link-merged-pr.yaml
2023-06-27 06:59:16+00:00,1.0,0.0,0.0,0.0,0.0,0.0,0.0,0.0
2023-06-27 04:58:33+00:00,1.0,0.0,0.0,0.0,0.0,0.0,0.0,0.0
2023-06-26 22:38:39+00:00,0.0,1.0,0.0,0.0,0.0,0.0,0.0,0.0
2023-06-26 22:38:39+00:00,0.0,0.0,1.0,0.0,0.0,0.0,0.0,0.0
2023-06-26 22:38:26+00:00,0.0,1.0,0.0,0.0,0.0,0.0,0.0,0.0
2023-06-26 22:38:26+00:00,0.0,0.0,1.0,0.0,0.0,0.0,0.0,0.0
2023-06-26 21:52:13+00:00,1.0,0.0,0.0,0.0,0.0,0.0,0.0,0.0
2023-06-26 21:48:02+00:00,0.0,1.0,0.0,0.0,0.0,0.0,0.0,0.0
2023-06-26 21:47:47+00:00,0.0,1.0,0.0,0.0,0.0,0.0,0.0,0.0
2023-06-26 00:05:14+00:00,1.0,0.0,0.0,0.0,0.0,0.0,0.0,0.0
2023-06-24 07:52:52+00:00,1.0,0.0,0.0,0.0,0.0,0.0,0.0,0.0
2023-06-24 07:52:17+00:00,1.0,0.0,0.0,0.0,0.0,0.0,0.0,0.0
2023-06-24 07:33:30+00:00,1.0,0.0,0.0,0.0,0.0,0.0,0.0,0.0
2023-06-24 06:23:09+00:00,1.0,0.0,0.0,0.0,0.0,0.0,0.0,0.0
2023-06-24 06:22:19+00:00,1.0,0.0,0.0,0.0,0.0,0.0,0.0,0.0
2023-06-24 06:21:49+00:00,0.0,0.0,0.0,1.0,0.0,0.0,0.0,0.0
2023-06-24 06:03:39+00:00,1.0,0.0,0.0,0.0,0.0,0.0,0.0,0.0
2023-06-24 06:02:56+00:00,1.0,0.0,0.0,0.0,0.0,0.0,0.0,0.0
2023-06-24 05:46:58+00:00,1.0,0.0,0.0,0.0,0.0,0.0,0.0,0.0
2023-06-24 05:37:55+00:00,1.0,0.0,0.0,0.0,0.0,0.0,0.0,0.0
2023-06-24 05:34:09+00:00,1.0,0.0,0.0,0.0,0.0,0.0,0.0,0.0
2023-06-24 05:33:28+00:00,0.0,0.0,0.0,1.0,0.0,0.0,0.0,0.0
2023-06-24 05:32:07+00:00,1.0,0.0,0.0,0.0,0.0,0.0,0.0,0.0
2023-06-24 05:31:32+00:00,1.0,0.0,0.0,0.0,0.0,0.0,0.0,0.0
2023-06-24 05:31:22+00:00,0.0,0.0,0.0,1.0,0.0,0.0,0.0,0.0
2023-06-24 05:30:45+00:00,1.0,0.0,0.0,0.0,0.0,0.0,0.0,0.0
2023-06-24 05:30:20+00:00,0.0,0.0,0.0,1.0,0.0,0.0,0.0,0.0
2023-06-24 05:30:17+00:00,0.0,0.0,0.0,1.0,0.0,0.0,0.0,0.0
2023-06-24 05:30:08+00:00,0.0,0.0,0.0,1.0,0.0,0.0,0.0,0.0
2023-06-24 05:30:05+00:00,0.0,0.0,0.0,1.0,0.0,0.0,0.0,0.0
2023-06-24 05:27:33+00:00,1.0,0.0,0.0,0.0,0.0,0.0,0.0,0.0
2023-06-24 05:26:55+00:00,1.0,0.0,0.0,0.0,0.0,0.0,0.0,0.0
2023-06-24 05:26:30+00:00,0.0,0.0,0.0,1.0,0.0,0.0,0.0,0.0
2023-06-24 05:26:27+00:00,0.0,0.0,0.0,1.0,0.0,0.0,0.0,0.0
2023-06-24 05:26:17+00:00,0.0,0.0,0.0,1.0,0.0,0.0,0.0,0.0
2023-06-24 05:26:15+00:00,0.0,0.0,0.0,1.0,0.0,0.0,0.0,0.0
2023-06-24 05:23:02+00:00,1.0,0.0,0.0,0.0,0.0,0.0,0.0,0.0
2023-06-24 05:22:24+00:00,1.0,0.0,0.0,0.0,0.0,0.0,0.0,0.0
2023-06-24 05:21:55+00:00,0.0,0.0,0.0,1.0,0.0,0.0,0.0,0.0
2023-06-24 05:21:53+00:00,0.0,0.0,0.0,1.0,0.0,0.0,0.0,0.0
2023-06-24 05:21:44+00:00,0.0,0.0,0.0,1.0,0.0,0.0,0.0,0.0
2023-06-24 05:21:41+00:00,1.0,0.0,0.0,0.0,0.0,0.0,0.0,0.0
2023-06-24 05:21:41+00:00,0.0,0.0,0.0,1.0,0.0,0.0,0.0,0.0
2023-06-24 05:21:00+00:00,1.0,0.0,0.0,0.0,0.0,0.0,0.0,0.0
2023-06-24 05:20:36+00:00,0.0,0.0,0.0,1.0,0.0,0.0,0.0,0.0
2023-06-24 05:20:33+00:00,0.0,0.0,0.0,1.0,0.0,0.0,0.0,0.0
2023-06-24 05:20:24+00:00,0.0,0.0,0.0,1.0,0.0,0.0,0.0,0.0
2023-06-24 05:20:21+00:00,0.0,0.0,0.0,1.0,0.0,0.0,0.0,0.0
2023-06-24 05:19:50+00:00,1.0,0.0,0.0,0.0,0.0,0.0,0.0,0.0
2023-06-24 05:19:14+00:00,1.0,0.0,0.0,0.0,0.0,0.0,0.0,0.0
2023-06-24 05:18:43+00:00,0.0,0.0,0.0,1.0,0.0,0.0,0.0,0.0
2023-06-24 05:18:31+00:00,0.0,0.0,0.0,1.0,0.0,0.0,0.0,0.0
2023-06-24 05:17:58+00:00,1.0,0.0,0.0,0.0,0.0,0.0,0.0,0.0
2023-06-23 19:15:41+00:00,0.0,0.0,0.0,0.0,1.0,0.0,0.0,0.0
2023-06-23 17:17:12+00:00,0.0,0.0,1.0,0.0,0.0,0.0,0.0,0.0
2023-06-23 15:09:07+00:00,0.0,0.0,0.0,0.0,1.0,0.0,0.0,0.0
2023-06-23 15:00:30+00:00,0.0,0.0,0.0,0.0,1.0,0.0,0.0,0.0
2023-06-22 01:30:35+00:00,0.0,0.0,0.0,0.0,0.0,1.0,0.0,0.0
2023-06-22 00:47:04+00:00,1.0,0.0,0.0,0.0,0.0,0.0,0.0,0.0
2023-06-22 00:25:59+00:00,0.0,0.0,1.0,0.0,0.0,0.0,0.0,0.0
2023-06-21 23:44:47+00:00,1.0,0.0,0.0,0.0,0.0,0.0,0.0,0.0
2023-06-21 23:36:53+00:00,1.0,0.0,0.0,0.0,0.0,0.0,0.0,0.0
2023-06-21 23:36:02+00:00,1.0,0.0,0.0,0.0,0.0,0.0,0.0,0.0
2023-06-21 22:31:02+00:00,1.0,0.0,0.0,0.0,0.0,0.0,0.0,0.0
2023-06-21 22:30:16+00:00,1.0,0.0,0.0,0.0,0.0,0.0,0.0,0.0
2023-06-21 22:15:10+00:00,0.0,0.0,1.0,0.0,0.0,0.0,0.0,0.0
2023-06-21 22:10:28+00:00,1.0,0.0,0.0,0.0,0.0,0.0,0.0,0.0
2023-06-21 21:55:35+00:00,1.0,0.0,0.0,0.0,0.0,0.0,0.0,0.0
2023-06-21 21:55:01+00:00,1.0,0.0,0.0,0.0,0.0,0.0,0.0,0.0
2023-06-21 20:04:52+00:00,0.0,0.0,1.0,0.0,0.0,0.0,0.0,0.0
2023-06-21 19:26:41+00:00,1.0,0.0,0.0,0.0,0.0,0.0,0.0,0.0
2023-06-21 19:26:07+00:00,1.0,0.0,0.0,0.0,0.0,0.0,0.0,0.0
2023-06-21 18:00:30+00:00,0.0,0.0,1.0,0.0,0.0,0.0,0.0,0.0
2023-06-21 17:58:12+00:00,0.0,0.0,1.0,0.0,0.0,0.0,0.0,0.0
2023-06-21 17:04:08+00:00,1.0,0.0,0.0,0.0,0.0,0.0,0.0,0.0
2023-06-21 16:59:43+00:00,1.0,0.0,0.0,0.0,0.0,0.0,0.0,0.0
2023-06-21 16:58:46+00:00,1.0,0.0,0.0,0.0,0.0,0.0,0.0,0.0
2023-06-21 16:58:01+00:00,1.0,0.0,0.0,0.0,0.0,0.0,0.0,0.0
2023-06-21 16:55:16+00:00,1.0,0.0,0.0,0.0,0.0,0.0,0.0,0.0
2023-06-21 16:52:50+00:00,1.0,0.0,0.0,0.0,0.0,0.0,0.0,0.0
2023-06-21 16:50:35+00:00,1.0,0.0,0.0,0.0,0.0,0.0,0.0,0.0
2023-06-21 16:26:55+00:00,1.0,0.0,0.0,0.0,0.0,0.0,0.0,0.0
2023-06-21 16:26:16+00:00,1.0,0.0,0.0,0.0,0.0,0.0,0.0,0.0
2023-06-21 01:30:39+00:00,0.0,0.0,0.0,0.0,0.0,1.0,0.0,0.0
2023-06-21 01:03:08+00:00,0.0,0.0,1.0,0.0,0.0,0.0,0.0,0.0
2023-06-21 00:48:21+00:00,1.0,0.0,0.0,0.0,0.0,0.0,0.0,0.0
2023-06-20 23:05:13+00:00,1.0,0.0,0.0,0.0,0.0,0.0,0.0,0.0
2023-06-20 23:04:31+00:00,1.0,0.0,0.0,0.0,0.0,0.0,0.0,0.0
2023-06-20 23:00:34+00:00,1.0,0.0,0.0,0.0,0.0,0.0,0.0,0.0
2023-06-20 22:59:53+00:00,1.0,0.0,0.0,0.0,0.0,0.0,0.0,0.0
2023-06-20 21:49:04+00:00,1.0,0.0,0.0,0.0,0.0,0.0,0.0,0.0
2023-06-20 21:40:08+00:00,0.0,0.0,0.0,0.0,1.0,0.0,0.0,0.0
2023-06-20 21:25:56+00:00,1.0,0.0,0.0,0.0,0.0,0.0,0.0,0.0
2023-06-20 18:40:50+00:00,1.0,0.0,0.0,0.0,0.0,0.0,0.0,0.0
2023-06-20 17:12:02+00:00,0.0,0.0,1.0,0.0,0.0,0.0,0.0,0.0
2023-06-20 02:12:09+00:00,1.0,0.0,0.0,0.0,0.0,0.0,0.0,0.0
2023-06-20 01:59:19+00:00,0.0,0.0,0.0,0.0,0.0,0.0,1.0,0.0
2023-06-20 01:44:23+00:00,1.0,0.0,0.0,0.0,0.0,0.0,0.0,0.0
2023-06-20 01:30:07+00:00,0.0,0.0,0.0,0.0,0.0,1.0,0.0,0.0
2023-06-20 01:10:01+00:00,1.0,0.0,0.0,0.0,0.0,0.0,0.0,0.0
2023-06-20 00:25:59+00:00,0.0,1.0,0.0,0.0,0.0,0.0,0.0,0.0
2023-06-20 04:10:46+00:00,0.0,0.0,1.0,0.0,0.0,0.0,0.0,0.0
2023-06-19 22:12:55+00:00,0.0,0.0,0.0,0.0,0.0,0.0,1.0,0.0
2023-06-19 22:07:02+00:00,1.0,0.0,0.0,0.0,0.0,0.0,0.0,0.0
2023-06-19 22:03:17+00:00,1.0,0.0,0.0,0.0,0.0,0.0,0.0,0.0
2023-06-19 22:02:34+00:00,0.0,1.0,0.0,0.0,0.0,0.0,0.0,0.0
2023-06-19 21:57:09+00:00,1.0,0.0,0.0,0.0,0.0,0.0,0.0,0.0
2023-06-19 21:56:24+00:00,0.0,1.0,0.0,0.0,0.0,0.0,0.0,0.0
2023-06-19 21:55:46+00:00,1.0,0.0,0.0,0.0,0.0,0.0,0.0,0.0
2023-06-19 21:54:58+00:00,0.0,1.0,0.0,0.0,0.0,0.0,0.0,0.0
2023-06-19 18:52:01+00:00,1.0,0.0,0.0,0.0,0.0,0.0,0.0,0.0
2023-06-19 11:54:30+00:00,0.0,0.0,0.0,0.0,0.0,0.0,0.0,1.0
2023-06-19 11:36:09+00:00,1.0,0.0,0.0,0.0,0.0,0.0,0.0,0.0
2023-06-19 11:13:07+00:00,0.0,0.0,1.0,0.0,0.0,0.0,0.0,0.0
2023-06-19 11:13:07+00:00,0.0,0.0,0.0,0.0,0.0,0.0,0.0,1.0
2023-06-19 01:30:50+00:00,0.0,0.0,0.0,0.0,0.0,1.0,0.0,0.0
2023-06-18 01:31:05+00:00,0.0,0.0,0.0,0.0,0.0,1.0,0.0,0.0
2023-06-17 01:31:09+00:00,0.0,0.0,0.0,0.0,0.0,1.0,0.0,0.0
2023-06-16 16:06:24+00:00,0.0,0.0,0.0,0.0,0.0,0.0,0.0,1.0
2023-06-16 01:30:32+00:00,0.0,0.0,0.0,0.0,0.0,1.0,0.0,0.0
2023-06-15 01:30:43+00:00,0.0,0.0,0.0,0.0,0.0,1.0,0.0,0.0
2023-06-14 01:30:45+00:00,0.0,0.0,0.0,0.0,0.0,1.0,0.0,0.0
2023-06-13 07:05:59+00:00,1.0,0.0,0.0,0.0,0.0,0.0,0.0,0.0
2023-06-13 01:30:56+00:00,0.0,0.0,0.0,0.0,0.0,1.0,0.0,0.0
