run_time,.github/workflows/comment-deployment-plan-pr.yaml,.github/workflows/ensure-uptime-checks.yaml,.github/workflows/comment-test-link-merged-pr.yaml,.github/workflows/validate-clusters.yaml,.github/workflows/deploy-hubs.yaml,.github/workflows/terraform-lint.yaml,.github/workflows/auto-author-assign-pull-request.yaml,.github/workflows/test-deployer-code.yaml,.github/workflows/doc-links.yml,.github/workflows/bump-helm-versions.yaml
2023-06-01 22:42:00+00:00,1.0,0.0,0.0,0.0,0.0,0.0,0.0,0.0,0.0,0.0
2023-06-01 22:26:30+00:00,0.0,1.0,0.0,0.0,0.0,0.0,0.0,0.0,0.0,0.0
2023-06-01 22:26:30+00:00,0.0,0.0,1.0,0.0,0.0,0.0,0.0,0.0,0.0,0.0
2023-06-01 22:26:30+00:00,0.0,0.0,0.0,1.0,0.0,0.0,0.0,0.0,0.0,0.0
2023-06-01 22:26:30+00:00,0.0,0.0,0.0,0.0,1.0,0.0,0.0,0.0,0.0,0.0
2023-06-01 20:41:46+00:00,1.0,0.0,0.0,0.0,0.0,0.0,0.0,0.0,0.0,0.0
2023-06-01 20:40:59+00:00,0.0,0.0,0.0,0.0,0.0,1.0,0.0,0.0,0.0,0.0
2023-06-01 20:40:59+00:00,0.0,0.0,0.0,0.0,1.0,0.0,0.0,0.0,0.0,0.0
2023-06-01 20:40:59+00:00,0.0,0.0,0.0,1.0,0.0,0.0,0.0,0.0,0.0,0.0
2023-06-01 20:40:55+00:00,0.0,0.0,0.0,0.0,0.0,0.0,1.0,0.0,0.0,0.0
2023-06-01 20:40:43+00:00,1.0,0.0,0.0,0.0,0.0,0.0,0.0,0.0,0.0,0.0
2023-06-01 20:39:54+00:00,0.0,0.0,0.0,0.0,0.0,1.0,0.0,0.0,0.0,0.0
2023-06-01 20:39:54+00:00,0.0,0.0,0.0,1.0,0.0,0.0,0.0,0.0,0.0,0.0
2023-06-01 20:39:54+00:00,0.0,0.0,0.0,0.0,0.0,0.0,1.0,0.0,0.0,0.0
2023-06-01 20:39:54+00:00,0.0,0.0,0.0,0.0,1.0,0.0,0.0,0.0,0.0,0.0
2023-06-01 20:38:10+00:00,0.0,1.0,0.0,0.0,0.0,0.0,0.0,0.0,0.0,0.0
2023-06-01 20:34:04+00:00,0.0,0.0,0.0,0.0,0.0,1.0,0.0,0.0,0.0,0.0
2023-06-01 20:34:02+00:00,0.0,0.0,0.0,0.0,0.0,0.0,1.0,0.0,0.0,0.0
2023-06-01 20:23:34+00:00,0.0,0.0,0.0,0.0,0.0,1.0,0.0,0.0,0.0,0.0
2023-06-01 20:23:32+00:00,0.0,0.0,0.0,0.0,0.0,0.0,1.0,0.0,0.0,0.0
2023-06-01 20:19:07+00:00,0.0,0.0,0.0,0.0,0.0,0.0,1.0,0.0,0.0,0.0
2023-06-01 20:19:07+00:00,0.0,0.0,0.0,0.0,0.0,1.0,0.0,0.0,0.0,0.0
2023-06-01 20:01:34+00:00,0.0,0.0,0.0,0.0,0.0,1.0,0.0,0.0,0.0,0.0
2023-06-01 20:01:34+00:00,0.0,0.0,0.0,0.0,0.0,0.0,1.0,0.0,0.0,0.0
2023-06-01 19:30:05+00:00,0.0,0.0,0.0,0.0,0.0,1.0,0.0,0.0,0.0,0.0
2023-06-01 19:30:04+00:00,0.0,0.0,0.0,0.0,0.0,0.0,1.0,0.0,0.0,0.0
2023-06-01 19:27:19+00:00,1.0,0.0,0.0,0.0,0.0,0.0,0.0,0.0,0.0,0.0
2023-06-01 19:26:36+00:00,0.0,0.0,0.0,0.0,1.0,0.0,0.0,0.0,0.0,0.0
2023-06-01 19:26:36+00:00,0.0,0.0,0.0,1.0,0.0,0.0,0.0,0.0,0.0,0.0
2023-06-01 19:26:36+00:00,0.0,0.0,0.0,0.0,0.0,1.0,0.0,0.0,0.0,0.0
2023-06-01 19:26:35+00:00,0.0,0.0,0.0,0.0,0.0,0.0,1.0,0.0,0.0,0.0
2023-06-01 19:26:26+00:00,1.0,0.0,0.0,0.0,0.0,0.0,0.0,0.0,0.0,0.0
2023-06-01 19:25:26+00:00,0.0,0.0,0.0,1.0,0.0,0.0,0.0,0.0,0.0,0.0
2023-06-01 19:25:26+00:00,0.0,1.0,0.0,0.0,0.0,0.0,0.0,0.0,0.0,0.0
2023-06-01 19:25:26+00:00,0.0,0.0,1.0,0.0,0.0,0.0,0.0,0.0,0.0,0.0
2023-06-01 19:25:26+00:00,0.0,0.0,0.0,0.0,1.0,0.0,0.0,0.0,0.0,0.0
2023-06-01 19:25:10+00:00,0.0,0.0,0.0,0.0,0.0,1.0,0.0,0.0,0.0,0.0
2023-06-01 19:25:10+00:00,0.0,0.0,0.0,0.0,0.0,0.0,1.0,0.0,0.0,0.0
2023-06-01 18:44:27+00:00,1.0,0.0,0.0,0.0,0.0,0.0,0.0,0.0,0.0,0.0
2023-06-01 18:43:43+00:00,0.0,0.0,1.0,0.0,0.0,0.0,0.0,0.0,0.0,0.0
2023-06-01 18:43:43+00:00,0.0,1.0,0.0,0.0,0.0,0.0,0.0,0.0,0.0,0.0
2023-06-01 18:43:43+00:00,0.0,0.0,0.0,0.0,1.0,0.0,0.0,0.0,0.0,0.0
2023-06-01 18:43:43+00:00,0.0,0.0,0.0,1.0,0.0,0.0,0.0,0.0,0.0,0.0
2023-06-01 18:41:42+00:00,1.0,0.0,0.0,0.0,0.0,0.0,0.0,0.0,0.0,0.0
2023-06-01 18:41:02+00:00,0.0,0.0,0.0,1.0,0.0,0.0,0.0,0.0,0.0,0.0
2023-06-01 18:41:02+00:00,0.0,0.0,0.0,0.0,1.0,0.0,0.0,0.0,0.0,0.0
2023-06-02 11:30:52+00:00,0.0,0.0,0.0,0.0,0.0,0.0,1.0,0.0,0.0,0.0
2023-06-01 18:28:07+00:00,1.0,0.0,0.0,0.0,0.0,0.0,0.0,0.0,0.0,0.0
2023-06-01 18:27:18+00:00,0.0,0.0,0.0,0.0,0.0,0.0,0.0,1.0,0.0,0.0
2023-06-02 11:29:32+00:00,0.0,0.0,0.0,0.0,1.0,0.0,0.0,0.0,0.0,0.0
2023-06-02 11:30:33+00:00,0.0,0.0,0.0,1.0,0.0,0.0,0.0,0.0,0.0,0.0
2023-06-02 11:30:12+00:00,0.0,0.0,0.0,0.0,0.0,0.0,1.0,0.0,0.0,0.0
2023-06-01 18:22:32+00:00,1.0,0.0,0.0,0.0,0.0,0.0,0.0,0.0,0.0,0.0
2023-06-01 18:21:49+00:00,0.0,0.0,0.0,1.0,0.0,0.0,0.0,0.0,0.0,0.0
2023-06-01 18:21:49+00:00,0.0,0.0,0.0,0.0,1.0,0.0,0.0,0.0,0.0,0.0
2023-06-01 18:21:48+00:00,0.0,0.0,0.0,0.0,0.0,0.0,1.0,0.0,0.0,0.0
2023-06-01 18:20:38+00:00,1.0,0.0,0.0,0.0,0.0,0.0,0.0,0.0,0.0,0.0
2023-06-01 18:19:57+00:00,0.0,0.0,0.0,1.0,0.0,0.0,0.0,0.0,0.0,0.0
2023-06-01 18:19:57+00:00,0.0,0.0,0.0,0.0,1.0,0.0,0.0,0.0,0.0,0.0
2023-06-01 18:19:56+00:00,0.0,0.0,0.0,0.0,0.0,0.0,1.0,0.0,0.0,0.0
2023-06-01 18:09:03+00:00,1.0,0.0,0.0,0.0,0.0,0.0,0.0,0.0,0.0,0.0
2023-06-01 18:08:01+00:00,0.0,0.0,1.0,0.0,0.0,0.0,0.0,0.0,0.0,0.0
2023-06-01 18:08:01+00:00,0.0,1.0,0.0,0.0,0.0,0.0,0.0,0.0,0.0,0.0
2023-06-01 18:08:01+00:00,0.0,0.0,0.0,0.0,1.0,0.0,0.0,0.0,0.0,0.0
2023-06-01 18:08:01+00:00,0.0,0.0,0.0,1.0,0.0,0.0,0.0,0.0,0.0,0.0
2023-06-01 17:52:07+00:00,1.0,0.0,0.0,0.0,0.0,0.0,0.0,0.0,0.0,0.0
2023-06-01 17:51:23+00:00,0.0,0.0,0.0,1.0,0.0,0.0,0.0,0.0,0.0,0.0
2023-06-01 17:51:23+00:00,0.0,0.0,0.0,0.0,1.0,0.0,0.0,0.0,0.0,0.0
2023-06-01 17:51:22+00:00,0.0,0.0,0.0,0.0,0.0,0.0,1.0,0.0,0.0,0.0
2023-06-01 17:49:50+00:00,1.0,0.0,0.0,0.0,0.0,0.0,0.0,0.0,0.0,0.0
2023-06-01 17:49:09+00:00,0.0,0.0,0.0,0.0,0.0,1.0,0.0,0.0,0.0,0.0
2023-06-01 17:49:09+00:00,0.0,0.0,0.0,0.0,1.0,0.0,0.0,0.0,0.0,0.0
2023-06-01 17:49:09+00:00,0.0,0.0,0.0,1.0,0.0,0.0,0.0,0.0,0.0,0.0
2023-06-01 17:49:08+00:00,0.0,0.0,0.0,0.0,0.0,0.0,1.0,0.0,0.0,0.0
2023-06-01 16:03:32+00:00,0.0,0.0,0.0,0.0,0.0,0.0,1.0,0.0,0.0,0.0
2023-06-01 13:26:29+00:00,1.0,0.0,0.0,0.0,0.0,0.0,0.0,0.0,0.0,0.0
2023-06-01 13:25:17+00:00,0.0,0.0,0.0,0.0,0.0,0.0,0.0,1.0,0.0,0.0
2023-06-01 13:25:17+00:00,0.0,0.0,0.0,0.0,1.0,0.0,0.0,0.0,0.0,0.0
2023-06-01 13:25:17+00:00,0.0,0.0,0.0,1.0,0.0,0.0,0.0,0.0,0.0,0.0
2023-06-01 13:25:16+00:00,0.0,0.0,0.0,0.0,0.0,0.0,1.0,0.0,0.0,0.0
2023-06-01 01:32:28+00:00,0.0,0.0,0.0,0.0,0.0,0.0,0.0,0.0,1.0,0.0
2023-06-01 00:13:22+00:00,1.0,0.0,0.0,0.0,0.0,0.0,0.0,0.0,0.0,0.0
2023-06-01 00:12:25+00:00,1.0,0.0,0.0,0.0,0.0,0.0,0.0,0.0,0.0,0.0
2023-06-01 00:11:40+00:00,0.0,0.0,0.0,0.0,1.0,0.0,0.0,0.0,0.0,0.0
2023-06-01 00:11:40+00:00,0.0,0.0,0.0,0.0,0.0,0.0,1.0,0.0,0.0,0.0
2023-06-01 00:11:40+00:00,0.0,0.0,0.0,1.0,0.0,0.0,0.0,0.0,0.0,0.0
2023-06-01 00:11:37+00:00,0.0,0.0,0.0,0.0,1.0,0.0,0.0,0.0,0.0,0.0
2023-06-01 00:11:37+00:00,0.0,0.0,0.0,1.0,0.0,0.0,0.0,0.0,0.0,0.0
2023-06-01 00:11:37+00:00,0.0,0.0,0.0,0.0,0.0,0.0,1.0,0.0,0.0,0.0
2023-06-01 00:10:06+00:00,0.0,0.0,0.0,0.0,0.0,0.0,0.0,0.0,0.0,1.0
2023-05-31 13:46:21+00:00,0.0,0.0,0.0,0.0,0.0,0.0,1.0,0.0,0.0,0.0
2023-05-31 07:44:14+00:00,0.0,0.0,0.0,0.0,0.0,0.0,1.0,0.0,0.0,0.0
2023-05-31 01:31:10+00:00,0.0,0.0,0.0,0.0,0.0,0.0,0.0,0.0,1.0,0.0
2023-05-30 18:30:08+00:00,1.0,0.0,0.0,0.0,0.0,0.0,0.0,0.0,0.0,0.0
2023-05-30 18:25:01+00:00,0.0,1.0,0.0,0.0,0.0,0.0,0.0,0.0,0.0,0.0
2023-05-30 18:25:01+00:00,0.0,0.0,1.0,0.0,0.0,0.0,0.0,0.0,0.0,0.0
2023-05-30 18:25:01+00:00,0.0,0.0,0.0,1.0,0.0,0.0,0.0,0.0,0.0,0.0
2023-05-30 18:25:01+00:00,0.0,0.0,0.0,0.0,1.0,0.0,0.0,0.0,0.0,0.0
2023-05-30 18:16:18+00:00,1.0,0.0,0.0,0.0,0.0,0.0,0.0,0.0,0.0,0.0
2023-05-30 18:15:36+00:00,0.0,0.0,0.0,0.0,0.0,0.0,1.0,0.0,0.0,0.0
